{"name":"42c3afbe-fbce-4284-8dbc-5e80f471c083","id":"/providers/Microsoft.Flow/flows/42c3afbe-fbce-4284-8dbc-5e80f471c083","type":"Microsoft.Flow/flows","properties":{"apiId":"/providers/Microsoft.PowerApps/apis/shared_logicflows","displayName":"SharePoint Calendar Todays Event to the Microsoft Teams","definition":{"metadata":{"workflowEntityId":null,"creator":{"id":"b7e01256-d9d4-4916-b626-3ac4337ecf9b","type":"User","tenantId":"989f7afc-210a-4a7a-89a4-9fe50619a887"},"provisioningMethod":"FromDefinition","failureAlertSubscription":true,"clientLastModifiedTime":"2018-10-10T12:19:11.5302883Z"},"$schema":"https://schema.management.azure.com/providers/Microsoft.Logic/schemas/2016-06-01/workflowdefinition.json#","contentVersion":"1.0.0.0","parameters":{"$connections":{"defaultValue":{},"type":"Object"},"$authentication":{"defaultValue":{},"type":"SecureObject"}},"triggers":{"Recurrence":{"recurrence":{"frequency":"Day","interval":1},"type":"Recurrence"}},"actions":{"Get_items":{"runAfter":{},"metadata":{"flowSystemMetadata":{"swaggerOperationId":"GetItems"}},"type":"ApiConnection","inputs":{"host":{"api":{"runtimeUrl":"https://india-001.azure-apim.net/apim/sharepointonline"},"connection":{"name":"@parameters('$connections')['shared_sharepointonline']['connectionId']"}},"method":"get","path":"/datasets/@{encodeURIComponent(encodeURIComponent('https://infowebsp.sharepoint.com/sites/Developer/'))}/tables/@{encodeURIComponent(encodeURIComponent('Events'))}/items","queries":{"$filter":"EventDate ge '@{utcNow('yyyy-MM-ddT00:00:00Z')}' and EventDate lt '@{addDays(utcNow(),1,'yyyy-MM-ddT00:00:00Z')}'"},"authentication":"@parameters('$authentication')"}},"Select":{"runAfter":{"Get_items":["Succeeded"]},"type":"Select","inputs":{"from":"@body('Get_items')?['value']","select":{"Title":"@item()['Title']","Start":"@item()['EventDate']","End":"@item()['EndDate']"}}},"Create_HTML_table":{"runAfter":{"Select":["Succeeded"]},"type":"Table","inputs":{"from":"@body('Select')","format":"HTML"}},"Post_message":{"runAfter":{"Create_HTML_table":["Succeeded"]},"metadata":{"flowSystemMetadata":{"swaggerOperationId":"PostMessageToChannel"}},"type":"ApiConnection","inputs":{"host":{"api":{"runtimeUrl":"https://india-001.azure-apim.net/apim/teams"},"connection":{"name":"@parameters('$connections')['shared_teams']['connectionId']"}},"method":"post","body":{"rootMessage":{"body":{"content":"@body('Create_HTML_table')","contentType":1}}},"path":"/beta/groups/@{encodeURIComponent('eb18bd49-14ba-4500-ac0f-f03823644fe4')}/channels/@{encodeURIComponent('19:3c38d7a3faaf4f508f918351da3c149c@thread.skype')}/chatThreads","authentication":"@parameters('$authentication')"}}},"outputs":{}},"connectionReferences":{"shared_sharepointonline":{"connectionName":"4ce94505d3314a85848d03422fe4d29c","source":"Embedded","id":"/providers/Microsoft.PowerApps/apis/shared_sharepointonline","tier":"NotSpecified"},"shared_teams":{"connectionName":"shared-teams-11bb1c06-fd43-4c2e-8ed0-69bf04e66aba","source":"Embedded","id":"/providers/Microsoft.PowerApps/apis/shared_teams","tier":"NotSpecified"}},"flowFailureAlertSubscribed":false}}